Name,https://www.serebii.net/colosseum/pokemon.shtml
Eevee
Vaporeon
Jolteon
Flareon
Espeon
Umbreon
Makuhita
Hariyama
Chikorita
Bayleef
Meganium
Cyndaquil
Quilava
Typhlosion
Totodile
Croconaw
Feraligatr
Misdreavus
Slugma
Magcargo
Hoothoot
Noctowl
Mareep
Flaaffy
Ampharos
Hoppip
Skiploom
Jumpluff
Wooper
Quagsire
Sentret
Furret
Remoraid
Mantine
Qwilfish
Dunsparce
Meditite
Medicham
Swablu
Altaria
Sudowoodo
Plusle
Tyrogue
Hitmonlee
Hitmonchan
Hitmontop
Entei
Ledyba
Ledian
Suicune
Gligar
Sneasel
Swinub
Piloswine
Stantler
Spinarak
Ariados
Aipom
Murkrow
Pineco
Forretress
Snubbull
Granbull
Trapinch
Vibrava
Flygon
Raikou
Sunkern
Sunflora
Delibird
Heracross
Skarmory
Miltank
Absol
Houndour
Houndoom
Tropius
Beldum
Metang
Metagross
Larvitar
Pupitar
Tyranitar
Smeargle
Teddiursa
Ursaring
Shuckle
Togepi
Togetic
Ho-oh
Celebi
Pikachu
Jirachi
Scyther
Scizor
Poochyena
Mightyena
Baltoy
Claydol
Spheal
Sealeo
Walrein
Gulpin
Swalot
Seedot
Nuzleaf
Shiftry
Numel
Camerupt
Shroomish
Breloom
Carvanha
Sharpedo
Skitty
Delcatty
Voltorb
Electrode
Vulpix
Ninetales
Duskull
Dusclops
Ralts
Kirlia
Gardevoir
Mawile
Snorunt
Glalie
Natu
Xatu
Roselia
Meowth
Persian
Spearow
Fearow
Grimer
Muk
Seel
Dewgong
Lunatone
Nosepass
Zangoose
Elekid
Electabuzz
Paras
Parasect
Growlithe
Arcanine
Shellder
Cloyster
Weedle
Kakuna
Beedrill
Pidgey
Pidgeotto
Pidgeot
Tangela
Caterpie
Metapod
Butterfree
Magnemite
Magneton
Venonat
Venomoth
Bellsprout
Weepinbell
Victreebel
Ekans
Arbok
Mankey
Primeape
Drowzee
Hypno
Psyduck
Golduck
Sableye
Rattata
Raticate
Doduo
Dodrio
Farfetch'd
Kangaskhan
Shuppet
Banette
Magby
Magmar
Pinsir
Ponyta
Rapidash
Lickitung
Chansey
Blissey
Solrock
Staryu
Starmie
Taillow
Swellow
Snorlax
Poliwag
Poliwhirl
Poliwrath
Mr Mime
Diglett
Dugtrio
Manectric
Bagon
Shelgon
Salamence
Cubone
Marowak
Lapras
Lugia
Articuno
Zapdos
Moltres
Tauros
Rhyhorn
Rhydon
Exeggcute
Exeggutor
Dratini
Dragonair
Dragonite